chrom,pre_name,id,stop_pre_build,start_pre_build,pos,ref,alt,mutation_type,type_of_subst,indiv_name,no_of_loc
chr1,hsa-mir-1295a,MI0006357,171101806,171101728.0,171101766,C,T,subst,transition,3,"""2:2:2"""
chr1,hsa-mir-1295b,MI0019146,171101798,171101739.0,171101766,C,T,subst,transition,3,"""2:2:2"""
chr1,hsa-mir-181a-1,MI0000289,198859153,198859044.0,198859111,C,G,subst,transversion,1,"""1"""
chr1,hsa-mir-1843,MI0032314,175968479,175968370.0,175968418,C,G,subst,transversion,1,"""1"""
chr1,hsa-mir-30e,MI0000749,40754446,40754355.0,40754357,G,A,subst,transition,1,"""1"""
chr1,hsa-mir-3675,MI0016076,16859021,16858949.0,16859005,C,T,subst,transition,1,"""1"""
chr1,hsa-mir-488,MI0003123,177029445,177029363.0,177029377,C,G,subst,transversion,1,"""1"""
chr1,hsa-mir-554,MI0003559,151545891,151545796.0,151545836,G,A,subst,transition,3,"""1:1:1"""
chr1,hsa-mir-664a,MI0006442,220200619,220200538.0,220200531,T,C,subst,transition,1,"""1"""
chr1,hsa-mir-6742,MI0022587,228397109,228397048.0,228397081,C,T,subst,transition,2,"""1:1"""
chr10,hsa-mir-4683,MI0017315,35641252,35641172.0,35641254,T,A,subst,transversion,1,"""1"""
chr10,hsa-mir-548f-1,MI0006374,54607957,54607874.0,54607881,G,T,subst,transversion,1,"""1"""
chr10,hsa-mir-609,MI0003622,104218883,104218789.0,104218828,C,A,subst,transversion,1,"""1"""
chr10,hsa-mir-936,MI0005758,104048186,104048089.0,104048080,T,A,subst,transversion,1,"""1"""
chr11,hsa-mir-1261,MI0006396,90869202,90869121.0,90869175,C,A,subst,transversion,1,"""1"""
chr11,hsa-mir-6860,MI0022707,67045708,67045643.0,67045690,A,G,subst,transition,1,"""1"""
chr11,hsa-mir-7155,MI0023615,64341904,64341849.0,64341909,A,C,subst,transversion,1,"""1"""
chr12,hsa-mir-920,MI0005712,24212495,24212421.0,24212414,G,T,subst,transversion,1,"""1"""
chr12,hsa-mir-920,MI0005712,24212495,24212421.0,24212466,C,A,subst,transversion,1,"""1"""
chr12,hsa-mir-920,MI0005712,24212495,24212421.0,24212476,G,A,subst,transition,1,"""1"""
chr13,hsa-mir-17,MI0000071,91350688,91350605.0,91350628,ACAGTG,A,del,n.a.,2,"""1:1"""
chr14,hsa-mir-656,MI0003678,101066801,101066724.0,101066761,T,A,subst,transversion,1,"""1"""
chr14,hsa-mir-7855,MI0025525,64785686,64785626.0,64785688,TG,T,del,n.a.,1,"""1"""
chr15,hsa-mir-211,MI0000287,31065141,31065032.0,31065056,T,A,subst,transversion,1,"""1"""
chr17,hsa-mir-1203,MI0006335,48156511,48156427.0,48156491,G,A,subst,transition,1,"""1"""
chr17,hsa-mir-21,MI0000077,59841337,59841266.0,59841293,GACTGTTGAATCTCATGGCA,G,del,n.a.,1,"""1"""
chr18,hsa-mir-924,MI0005716,39622175,39622123.0,39622129,G,T,subst,transversion,1,"""1"""
chr19,hsa-mir-4745,MI0017384,805001,804940.0,804957,G,T,subst,transversion,2,"""1:1"""
chr20,hsa-mir-4758,MI0017399,62332557,62332487.0,62332521,C,A,subst,transversion,1,"""1"""
chr22,hsa-mir-7109,MI0022960,31621531,31621467.0,31621484,GGA,G,del,n.a.,1,"""1"""
chr3,hsa-mir-567,MI0003573,112112898,112112801.0,112112795,G,T,subst,transversion,1,"""1"""
chr5,hsa-mir-1303,MI0006370,154685861,154685776.0,154685801,A,G,subst,transition,2,"""1:1"""
chr6,hsa-mir-206,MI0000490,52144434,52144349.0,52144364,C,T,subst,transition,1,"""1"""
chr7,hsa-mir-182,MI0000272,129770492,129770383.0,129770392,G,A,subst,transition,1,"""1"""
chr8,hsa-mir-548aa-1,MI0016689,123348130,123348034.0,123348022,A,AT,ins,n.a.,1,"""1"""
chr8,hsa-mir-548aa-1,MI0016689,123348130,123348034.0,123348023,A,AGGCTCAAGAGGT,ins,n.a.,1,"""1"""
chr8,hsa-mir-597,MI0003609,9741768,9741672.0,9741674,C,T,subst,transition,2,"""1:1"""
chr9,hsa-mir-204,MI0000284,70810084,70809975.0,70809978,A,G,subst,transition,1,"""1"""
chrX,hsa-mir-503,MI0003188,134546398,134546328.0,134546414,AC,A,del,n.a.,1,"""1"""
chrX,hsa-mir-542,MI0003686,134541437,134541341.0,134541386,A,T,subst,transversion,1,"""1"""
chrX,hsa-mir-664b,MI0019134,154768656,154768596.0,154768658,A,T,subst,transversion,1,"""1"""
